Company name,Symbol
1000MERCIS,ALMIL
2VALORISE,VALOR
4SERVICE CLOUD,MLOVE
A TOUTE VITESSE,MLATV
A.S.T. GROUPE,ASP
A2MICILE EUROPE,ALA2M
AALBERTS INDUSTR,AALB
AB INBEV,ABI
AB SCIENCE,AB
ABC ARBITRAGE,ABCA
ABC ORTHODONTICS,MLABC
ABCARBIBSAA29JUN18,ABCBS
ABEO,ABEO
ABIVAX,ABVX
ABLYNX,ABLX
ABN AMRO Group,ABN
ABO GROUP,ABO
ACACIA PHARMA,ACPH
ACANTHE DEV.,ACAN
ACCELL GROUP,ACCEL
ACCENTIS,ACCB
ACCOR,AC
ACCOR NV18,ACNV
ACCSYS,AXS
ACEP FRANCE,MLACP
ACHETER-LOUER.FR,ALALO
ACKERMANS V.HAAREN,ACKB
ACTEOS,EOS
ACTIA GROUP,ATI
ACTIPLAY (GROUPE),ALACT
ACTIVIUM GROUP,MLACT
ADA,ALADA
ADC SIIC,ALDV
ADEUNIS,ALARF
ADL PARTNER,ALP
ADOCIA,ADOC
ADOMOS,ALADO
ADOMOS BS,ALABS
ADP,ADP
ADTHINK MEDIA,ALADM
ADUX,ADUX
ADVENIS,ADV
ADVICENNE,ADVIC
ADVINI,ADVI
AEDIFICA,AED
AEGON,AGN
AFFINE R.E.,IML
AFONE PARTICIP.,AFO
AFRIQUE TELECOM,MLAFT
AG3I,MLAGI
AGEAS,AGS
AGFA-GEVAERT,AGFB
AGROGENERATION,ALAGR
AGROGENERATION NV1,AGRNV
AGTA RECORD,AGTA
AGUAS DA CURIA,CUR
AHOLD DEL,AD
AIR FRANCE -KLM,AF
AIR LIQUIDE,AI
AIR MARINE,MLAIM
AIRBUS,AIR
AJAX,AJAX
AKKA TECHNOLOGIES,AKA
AKZO NOBEL,AKZA
ALBIOMA,ABIO
ALD,ALD
ALES GROUPE,ALPHY
ALFEN,ALFEN
ALPES (COMPAGNIE),CDA
ALPHA MOS,ALM
ALPHA MOS DS,ALMDS
ALSTOM,ALO
ALSTOM NV18,ALONV
ALTAMIR,LTA
ALTAREA,ALTA
ALTAREIT,AREIT
ALTEN,ATE
ALTICE,ATC
ALTICE B,ATCB
ALTRAN TECHN.,ALT
ALTRI SGPS,ALTR
ALTUR INVEST.,ALTUR
ALUMEXX N.V.,ALX
ALVEEN,MLALV
AMATHEON AGRI,MLAAH
AMG,AMG
AMOEBA,AMEBA
AMPLITUDE SURGICAL,AMPLI
AMSTERDAM COMMOD.,ACOMO
AMUNDI,AMUN
AND INTERNATIONAL,AND
ANEVIA,ALANV
ANEVIA BS,ANVBS
ANF IMMOBILIER,ANF
ANTALIS INTERNATIO,ANTA
ANTARES CERT,ANT
ANTEVENIO,ALANT
AP ALTERNAT ASSETS,AAA
APERAM,APAM
APRIL,APR
APRIL GROUP NV18,APRNV
AQUILA,ALAQU
ARCADIS,ARCAD
ARCELORMITTAL SA,MT
ARCHOS,JXR
ARCHOS BSAR 2018,JXRBS
ARDOIN ST AMAND A,MLARD
ARDOIN ST AMAND B,ARDO
ARGAN,ARG
ARGENX SE,ARGX
ARKEMA,AKE
ARKEMA NV18,AKENV
ARTEA,ARTE
ARTEFACT,ALATF
ARTHUR MAURY,MLAMY
ARTOIS NOM.,ARTO
ARTPRICE COM,PRC
ASCENCIO,ASC
ASHLER ET MANSON,MLAEM
ASIT,ASIT
ASM INTERNATIONAL,ASM
ASML HOLDING,ASML
ASR NEDERLAND,ASRNL
ASSICURAZ.GEN.ORD.,GEN
ASSIMA,ALSIM
ASSYSTEM,ASY
ATARI,ATA
ATEME,ATEME
ATENOR,ATEB
ATOS,ATO
ATOS NV18,ATONV
ATRIUM EUR REALEST,ATRS
AUBAY,AUB
AUDIENCE LABS,MLAUD
AUFEMININ,FEM
AUGROS COSMETICS,AUGR
AUPLATA,ALAUP
AUREA,AURE
AURES TECHNOLOGIES,AURS
AVANTIUM,AVTX
AVENIR TELECOM,AVT
AVIATION LATECOERE,LAT
AWOX,AWOX
AXA,CS
AXA NV18,CSNV
AXWAY SOFTWARE,AXW
AZ LEASING,MLAZL
AZOREAN TECH,MLAAT
B&S Group,BSGR
B.COM.PORTUGUES,BCP
BACCARAT,BCRA
BAINS MER MONACO,BAIN
BALTA GROUP,BALTA
BALYO,BALYO
BAM GROEP KON,BAMNB
BANCO BILBAO VIZC.,BBV
BANCO BPI,BPI
BANCO SANTANDER,SANT
BANCO SANTANDER,SANTA
BANIMMO A,BANI
BARBARA BUI,BUI
BARCO,BAR
BASIC-FIT,BFIT
BASILIX CERT,BAS
BASTIDE LE CONFORT,BLC
BATENBURG TECHNIEK,BATEN
BATLA MINERALS,MLBAT
BD MULTI MEDIA,ALBDM
BE SEMICONDUCTOR,BESI
BEAULIEU-AV. CERT,BEAB
BEFIMMO,BEFB
BEKAERT,BEKB
BELIER,BELI
BELRECA,BELR
BELUGA,BELU
BENETEAU,BEN
BENFICA,SLBEN
BENI STABILI,BNS
BERNARD LOISEAU,ALDBL
BETER BED,BBED
BEVER HOLDING,BEVER
BIC,BB
BIG BEN INTER NV18,BIGNV
BIGBEN INTERACTIVE,BIG
BILENDI,ALBLD
BINCKBANK,BINCK
BIOCARTIS,BCART
BIOCORP,ALCOR
BIOM UP SA,BUP
BIOMERIEUX,BIM
BIOPHYTIS,ALBPS
BIOSYNEX,ALBIO
BLEECKER,BLEE
BLUE,BLUE
BLUE NV18,BLUNV
BLUELINEA,ALBLU
BNP PARIBAS ACT.A,BNP
BODY ONE,MLONE
BOEING COMPANY,BOEI
BOIRON,BOI
BOLLORE,BOL
BOLLORE NV,BOLNV
BONDUELLE,BON
BONE THERAPEUTICS,BOTHE
BOSKALIS WESTMIN,BOKA
BOURBON CORP.,GBB
BOURRELIER GROUP,ALBOU
BOURSE DIRECT,BSD
BOUSSARD GAVAUD C,BGHLC
BOUSSARD GAVAUDAN,BGHL
BOUSSARD GHL GBP,BGHS
BOUYGUES,EN
BOUYGUES NV18,ENNV
BPOST,BPOST
BQUE NAT. BELGIQUE,BNB
BRAS.OUEST AFRIC.,BOAF
BRASSERIE CAMEROUN,BCAM
BREDERODE,BREB
BRICO DISTRIB,MLBRI
BRILL KON,BRILL
BROOKFIELD ASSET M,BAMA
BRUNEL INTERNAT,BRNL
BUDGET TELECOM,ALBUD
BUDGET TELECOM BS,BUDBS
BUREAU VERITAS,BVI
BUREAU VERITASNV18,BVINV
BURELLE,BUR
BUSINESS ET DECIS.,BND
CA TOULOUSE 31 CCI,CAT31
CAFOM,CAFO
CAIRE,MLAAE
CAMBODGE NOM.,CBDG
CAMPINE,CAMB
CANDELA INVEST,CAND
CAPELLI,CAPLI
CAPGEMINI,CAP
CARBIOS,ALCRB
CARBIOS BS,CRBBS
CARE PROPERTY INV.,CPINV
CARMAT,ALCAR
CARMILA,CARM
CARPINIENNE PART.,CARP
CARREFOUR,CA
CASINO GUICHARD,CO
CAST,CAS
CATANA GROUP,CATG
CATERING INTL SCES,CTRG
CATERPILLAR INC,CATR
CBO TERRITORIA,CBOT
CECURITY.COM,MLCEC
CEGEDIM,CGM
CEGEREAL,CGR
CELLECTIS,ALCLS
CELLNOVO,CLNV
CELYAD,CYAD
CENERGY,CENER
CERENIS,CEREN
CERINNOV GROUP,ALPCV
CESAR,ALCES
CFE,CFEB
CFI,CFI
CFM INDOSUEZWEALTH,MLCFM
CGG,CGG
CGG BSA 1,CGGBS
CGG BSA 2,CGGBT
CGG NV18,CGGNV
CH.FER DEPARTEMENT,MLCFD
CH.FER VAR GARD N.,MLCVG
CHARGEURS,CRI
CHARGEURS NV,CRINV
CHAUF.URB.,CHAU
CHAUSSERIA,CHSR
CHEOPS TECHNOLOGY,MLCHE
CHEVRON,CHTEX
CHINA FOREST,MLCFI
CHINA SUPER POWER,MLCSP
CHRISTIAN DIOR,CDI
CHRISTIAN POTIER,MLCHP
CIBOX INTER A CTIV,CIB
CIE BOIS SAUVAGE,COMB
CIE DU MONT BLANC,MLCMB
CIOA,MLCIO
CIPAN,CPN
CISCO SYSTEM INC,CIS
CJS PLV,MLCJS
CLARANOVA,CLA
CLASQUIN,ALCLA
CNIM CONSTR.FRF 10,COM
CNOVA,CNV
CNP ASSURANCES,CNP
CO.BR.HA,COBH
COCA-COLA EUROPEAN,CCE
COFACE,COFA
COFIDUR,ALCOF
"COFINA,SGPS",CFN
COFINIMMO,COFB
COFINIMMO PRIV1,COFP1
COFINIMMO PRIV2,COFP2
COGIFRANCE,MLCOI
COGRA,ALCOG
COGRA 48 BSAR,COGBS
COHERIS,COH
COIL,ALCOI
COLAS,RE
COLIPAYS,MLCLP
COLRUYT,COLR
COMPTA,COMAE
CONDOR TECHNOLOG,MLMFI
CONDURIL,CDU
CONNECT GROUP,CONN
CONSORT NT,MLCNT
COPAM,CPA
CORBION,CRBN
CORE LABORATORIES,CLB
COREP LIGHTING,MLCOR
CORTICEIRA AMORIM,COR
COURBET,MLCOU
COURBET AM.,CRBT
COURTOIS,COUR
CRCAM ALP.PROV.CCI,CRAP
CRCAM ATL.VEND.CCI,CRAV
CRCAM BRIE PIC2CCI,CRBP2
CRCAM ILLE-VIL.CCI,CIV
CRCAM LANGUED CCI,CRLA
CRCAM LOIRE HTE L.,CRLO
CRCAM MORBIHAN CCI,CMO
CRCAM NORD CCI,CNF
CRCAM NORM.SEINE,CCN
CRCAM PARIS ET IDF,CAF
CRCAM SUD R.A.CCI,CRSU
CRCAM TOURAINE CCI,CRTO
CREDIT AGRICOLE,ACA
CROSSJECT,ALCJ
CROSSJECT BSA,ALCBS
CROSSWOOD,CROS
CS (COMM.SYSTEMES),SX
CTA HOLDING,MLCTA
CTAC,CTAC
CTT CORREIOS PORT,CTT
CURETIS,CURE
CYBERGUN,ALCYB
D''IETEREN,DIE
D.L.S.I.,ALDLS
D2L GROUP,MLGEL
DALET,DLT
DAMARIS,MLDAM
DAMARTEX,ALDAR
DANONE,BN
DASSAULT AVIATION,AM
DASSAULT SYS NV18,DSYNV
DASSAULT SYSTEMES,DSY
DATBIM,MLDTB
DBT,ALDBT
DBV TECHNOLOGIES,DBV
DEBFLEX,MLDEX
DECEUNINCK,DECB
DEINOVE,ALDEI
DELFINGEN,ALDEL
DELTA DRONE,ALDR
DELTA DRONE BSA,ALDBS
DELTA PLUS GROUP,DLTA
DERICHEBOURG,DBG
DESIGN YOUR HOME,MLDYH
DEUTSCHE TELEKOM,DTEL
DEVERNOIS,ALDEV
DEVOTEAM,DVT
DEXIA,DEXB
DGB GROUP N.V.,DGB
DIAGEO,DGE
DIAGNOSTIC MEDICAL,DGM
DIAXONHIT,ALEHT
DIEGEM KENNEDYCERT,DIEG
DIETSWELL,ALDIE
DIGIGRAM,DIG
DIGITECH,MLDIG
DIRECT ENERGIE,DIREN
DISTRI-LAND CERT,DISL
DNXCORP,DNX
DOCK.PETR.AMBES AM,DPAM
DOLPHIN INTEGRAT.,ALDOL
DOM SECURITY,DOMS
DPA GROUP,DPA
DRDGOLD,MLDUR
DRONE VOLT,ALDRV
DRONE VOLT BS,DRVBS
DSM KON,DSM
DUTCH STAR C SHAR,DSC1
DUTCH STAR C WAR,DSC1W
DWC 3.0,MLDWC
DYNAFOND,MLDYN
DYNEX ENERGY SA,MLDYX
E.ON SE,EON
EASE2PAY NV,EAS2P
EASSON HOLDING,MLEAS
EASYVISTA,ALEZV
EAUX DE DOUAI,MLEAU
EAUX DE ROYAN,MLEDR
EAVS,MLEAV
ECA,ECASA
ECKERT-ZIEGLER BG,EZBG
ECOLUTIONS,MLECO
ECONOCOM GROUP,ECONB
ECOSLOPS,ALESA
EDENRED,EDEN
EDENRED NV18,EDENV
EDF,EDF
EDITIONS DU SIGNE,MLEDS
EDP,EDP
EDP RENOVAVEIS,EDPR
EDUNIVERSAL,MLEDU
EES,MLEES
EGIDE,GID
EIFFAGE,FGR
EKINOPS,EKI
ELEC.STRASBOURG,ELEC
ELECTRO POWER,EPS
ELIA,ELI
ELIOR GROUP,ELIOR
ELIS,ELIS
EMAKINA GROUP,ALEMK
EMD MUSIC,EMD
EMOVA BS,ALEBS
EMOVA GROUP,ALEMV
ENCRES DUBUIT,ALDUB
ENERTIME,ALENE
ENGIE,ENGI
ENI,ENI
ENTREPARTICULIERS,ALENT
ENTREPRENDRE,ALENR
ENVIPCO,ENVI
ENVIRONNEMENT SA,ALTEV
EO2,ALEO2
EOS IMAGING,EOSI
ERAMET,ERA
ERYTECH PHARMA,ERYP
ESI GROUP,ESI
ESKER,ALESK
ESPERITE,ESP
ESSILOR INTER NV18,EINV
ESSILOR INTL.,EI
ESSO,ES
EST REPUBLICAIN,MLEST
ESTORIL SOL N,ESON
EULER HERMES GROUP,ELE
EURASIA FONC INV,EFI
EURASIA GROUPE,ALEUA
EURAZEO,RF
EURO RESSOURCES,EUR
EUROCASTLE INVEST.,ECT
EUROCOMMERCIAL,ECMPA
EUROFINS CEREP,ALECR
EUROFINS NV18,ERFNV
EUROFINS SCIENT.,ERF
EUROGERM,ALGEM
EUROLAND CORPORATE,MLERO
EUROMEDIS GROUPE,EMG
EURONAV,EURN
EURONEXT,ENX
EURONEXT,ENXP
EUROPACORP,ECP
EUROPCAR,EUCAR
EUROPLASMA,ALEUP
EUROPLASMA BSB,EURBT
EUROPLASMA BSC,EURBU
EUROPUBLIDIS,ALPBS
EUTELSAT COMMUNIC.,ETL
EVADIX,ALEVA
EVERSET,MLEVE
EVOLIS,ALTVO
EVS BROADC.EQUIPM.,EVS
EXACOMPTA CLAIREF.,EXAC
EXEL INDUSTRIES,EXE
EXMAR,EXM
EXPLOS.PROD.CHI.PF,EPCP
EXPLOSIFS PROD.CHI,EXPL
F.RAMA,RAM
FAGRON,FAGR
FASHION B AIR,ALFBA
FAURECIA,EO
FAUVET GIREL,FAUV
FAYENC.SARREGUEMI.,FAYE
FD,MLFDV
FENALU,FEN
FERM.CAS.MUN.CANNE,FCMC
FERMENTALG,FALG
FFP,FFP
FIDUCIAL OFF.SOL.,SACI
FIDUCIAL REAL EST.,ORIA
FIGEAC AERO,FGA
FILAE,ALFIL
FIN.ETANG BERRE,BERR
FIN.ETANG BERRE PF,EBPF
FIN.OUEST AFRICAIN,FOAF
FINANCIER CROI INV,MLFCI
FINANCIERE MARJOS,FINM
FINANCIERE ODET,ODET
FINANCIERE SICOMAX,MLSIC
FINATIS,FNTS
FINAXO,MLFXO
FIPP,FIPP
FIRSTCAUTION,MLFIR
FLEURY MICHON,FLE
FLEURYMBSAR22MAR20,FLEBS
FLEXOS,FLEX
FLORIDIENNE,FLOB
FLOW TRADERS,FLOW
FLUXYS BELGIUM D,FLUX
FNAC DARTY,FNAC
FNG N.V.,FNG
FOCUS HOME INT,ALFOC
FONC ATLAND BSA,FATBS
FONC. PARIS NORD,FPN
FONC. VOLTA NV18,SPENV
FONC.DES REGIONS,FDR
FONCIERE 7 INVEST,LEBL
FONCIERE ATLAND,FATL
FONCIERE DES MURS,FMU
FONCIERE EURIS,EURS
FONCIERE INEA,INEA
FONCIERE LYONNAISE,FLY
FONCIERE VINDI,MLVIN
FONCIERE VOLTA,SPEL
FOOT LOCKER,FOOTL
FORESTIERE EQUAT.,FORE
FORFARMERS,FFARM
FOUNTAIN,FOU
FOUNTAINE PAJOT,ALFPC
FRANCAISE ENERGIE,LFDE
FRANCE CHAUFFAGE,MLFRC
FRANCE TOURISME,MLFTI
FREELANCE BS 2018,FREBS
FREELANCE.COM,ALFRE
FREY,FREY
FROMAGERIES BEL,FBEL
FUDAKIN,MLKIN
FUGRO,FUR
FUT.CLUBE PORTO,FCP
FUTUREN,FTRN
G.A.I.,MLGAI
GALAPAGOS,GLPG
GALEO,MLGAL
GALIMMO,GALIM
GALLOO ILE DE FCE,MLGRD
GALP ENERGIA-NOM,GALP
GASCOGNE,ALBI
GAUMONT,GAM
GAUMONT NV18,GAMNV
GAUSSIN,ALGAU
GAUSSIN BSA,GAUBT
GAUSSIN BSAR,GAUBS
GBL,GBLB
GDS (144A) RUSAL,RUAL
GDS (S) RUSAL,RUSAL
GDS MOULINS STRAS.,GDMS
GEA GRENOBL.ELECT.,GEA
GECI INTL,GECP
GECI INTL BSAR A,GECBT
GECINA NOM.,GFC
GEMALTO,GTO
GENERAL ELECTRIC,GNE
GENERIX GROUP FCE,GENX
GENEURO,GNRO
GENFIT,GNFT
GENK LOGIST. CERT,GENK
GENKYOTEX,GKTX
GENOMIC VISION,GV
GENOWAY,ALGEN
GENSIGHT BIOLOGICS,SIGHT
GENTLEMENS EQUITY,MLGEQ
GEVELOT,ALGEV
GFI INFORMATIQUE,GFI
GIMV,GIMB
GL EVENTS,GLO
GLINTT,GLINT
GLOBAL BIOENERGIES,ALGBE
GLOBAL ECOPOWER,ALGEP
GLOBAL GRAPHICS,GLOG
GLOBAL HEALTH GR.,MLIFE
GOLD BY GOLD,ALGLD
GOUR MEDICAL,MLGML
GPE GROUP PIZZORNO,GPE
GPE PAROT (AUTO),ALPAR
GRAINES VOLTZ,GRVO
GRANDVISION,GVNV
GRECEMAR,MLCMG
GREEN ENERGY GE4S,MLGES
GREENYARD,GREEN
GROOTHANDELSGEBOUW,GROHA
GROUPE CARNIVOR,MLGRC
GROUPE CRIT,CEN
GROUPE EUROTUNNEL,GET
GROUPE FLO,FLO
GROUPE FLO NV18,FLONV
GROUPE GORGE,GOE
GROUPE GUILLIN,ALGIL
GROUPE IRD,IRD
GROUPE JAJ,GJAJ
GROUPE LDLC,LDL
GROUPE OPEN,OPN
GROUPE PARTOUCHE,PARP
GROUPE PLUS-VALUES,MLPVG
GROUPE RIVALIS,MLRIV
GROUPE SFPI,SFPI
GROUPIMO,ALIMO
GROWNERS,GROWN
GT BIOPHARMA INC,GTBP
GTT,GTT
GUERBET,GBT
GUERBET NV18,GBTNV
GUILLEMOT,GUI
GUY DEGRENNE,GUYD
H2O INNOVATION INC,ALHEO
HAL TRUST,HAL
HAMON,HAMO
HARVEST,ALHVS
HAULOTTE GROUP,PIG
HeadFirst Source G,HFS
HEALTH,MLAHC
HEIJMANS,HEIJM
HEINEKEN,HEIA
HEINEKEN HOLDING,HEIO
HERIGE,HERIG
HERMES INTL,RMS
HEURTEY PETROCHEM,ALHPC
HEXCEL,HXL
HF,HF
HIGH CO,HCO
HIOLLE INDUSTRIES,ALHIO
HIPAY GROUP,HIPAY
HITECHPROS,ALHIT
HK,MLHK
HOCHE BAINS L.BAIN,MLHBB
HOLLAND COLOURS,HOLCO
HOLOSFIND,ALHOL
HOME CONCEPT,MLHCF
HOME INVEST BE.,HOMI
HOPENING,MLHPE
HOPSCOTCH GROUPE,HOP
HORIZONTALSOFTWARE,ALHSW
HOT.MAJESTIC CANNE,MLHMC
HOTELIM,MLHOT
HOTELS DE PARIS,HDP
HOTL.IMMOB.NICE,MLHIN
HSBC HOLDINGS,HSB
HUBWOO,HBW
HUNTER DOUGLAS,HDG
HUNTER DOUGLAS,HUNDP
HYBRIGENICS,ALHYG
HYDRATEC,HYDRA
HYDRAULIQUE PB,MLHYD
HYDRO-EXPLOIT.,MLHYE
I.CERAM,ALICR
I2S,ALI2S
IBA,IBAB
"IBERSOL,SGPS",IBS
IBM,IBMA
ICADE,ICAD
ICE CONCEPT,ICE
ICT GROUP,ICT
ID LOGISTICS GROUP,IDL
IDI,IDIP
IDS,MLIDS
IDSUD,ALIDS
IEP INVEST,IEP
IEX GROUP NV,IEX
IFF,IFF
IGE + XAO,IGE
ILIAD,ILD
IMALLIANCE,MLIML
IMCD,IMCD
IMERYS,NK
IMM.PARIS.PERLE,MLIPP
IMMERSION,ALIMR
IMMO MCC,MCC
IMMO MOURY,IMMOU
IMMOB.DASSAULT,IMDA
IMMOB.HOTELIERE,IMHO
IMMOBEL,IMMO
IMMOPOOL,IMMOP
IMOB.C GRAO PARA,GPA
IMPLANET,ALIMP
"IMPRESA,SGPS",IPR
IMPRIMERIE CHIRAT,MLIMP
INAPA-INV.P.GESTAO,INA
INAPA-PREF S/ VOTO,INAP
INDLE FIN.ENTREPR.,INFE
INDUSTRIAL HOLDING,MLFIH
INFOCLIP,MLIFC
INFOSYS LTD ADS,INFY
INFOTEL,INF
ING GROEP N.V.,INGA
INGENICO GROUP,ING
INNATE PHARMA,IPH
INNELEC MULTIMEDIA,INN
INNOVADERMA PLC,MLIDP
INSIDE SECURE,INSD
INSTALLUX,STAL
INTEGRAGEN,ALINT
INTEGRAL,MLITG
INTEL CORP,INCO
INTERPARFUMS,ITP
INTERTRUST,INTER
INTERVEST OFF-WARE,INTO
INTEXA,ITXT
INTLE PLANT.HEVEAS,SIPH
INTRASENSE,ALINS
INVENTIVA,IVA
INVIBES ADVERTSING,MLINV
IOC HOLDING,MLIOC
IPSEN,IPN
IPSEN NV18,IPNNV
IPSOS,IPS
IPSOS NV18,IPSNV
ISA,ALISA
IT LINK,ITL
ITESOFT,ITE
ITS GROUP,ITS
IVALIS,ALIVA
"J.MARTINS,SGPS",JMT
JACQUES BOGART,JBOG
JACQUET METAL SCE,JCQ
JANE FRANCE,MLJAN
JC DECAUX SA NV18,DECNV
JC DECAUX SA.,DEC
JENSEN-GROUP,JEN
JSA TECHNOLOGY,MLJSA
KARDAN,KARD
KAS BANK,KA
KAUFMAN ET BROAD,KOF
KBC,KBC
KBC ANCORA,KBCA
KENDRION,KENDR
KERING,KER
KERLINK,ALKLK
KEYRUS,KEY
KEYWARE TECH.,KEYW
KEYYO,ALKEY
KIADIS,KDS
KINEPOLIS GROUP,KIN
KKO INT WARRANT A,KKOWA
KKO INTERNATIONAL,ALKKO
KLEPIERRE,LI
KORIAN,KORI
KPN KON,KPN
KRIEF GROUP,MLKRI
L'OREAL,OR
L'OREAL NV18,ORNV
LA FONCIERE VERTE,LFVE
LACROIX SA,LACR
LAFARGEHOLCIM LTD,LHN
LAFUMA,LAF
LAGARDERE S.C.A.,MMB
LANSON-BCC,LAN
LAURENT-PERRIER,LPE
LAVIDE HOLDING,LVIDE
LDC,LOUP
LE TANNEUR,LTAN
LEADMEDIA GROUP,ALLMG
LEASINVEST,LEAS
LEBON,LBON
LECTEURS MONDE,MLLEM
LECTRA,LSS
LECTRA NV18,LSSNV
LEGRAND,LR
LES HOTELS BAVEREZ,ALLHB
LESNXCONSTRUCTEURS,LNC
LETS GOWEX,ALGOW
LEXIBOOK LINGUIST.,ALLEX
LILLY AND CO,LLY
LINEDATA SERVICES,LIN
LIONAX,MLION
LISGRAFICA,LIG
LISI,FII
LITHO FORMAS,LIT
LNA SANTE,LNA
LOCASYSTEM INTL,MLLOI
LOCINDUS,LD
LOGIC INSTRUMENT,ALLOG
LOMBARD ET MEDOT,MLCAC
LOTUS BAKERIES,LOTB
LUCASBOLS,BOLS
LUCIBEL,ALUCI
LUIGI BOTTO,MLLB
LUX-AIRPORT CERT,LUXA
LUZ SAUDE,LUZ
LV4S,MLV4S
LVMH,MC
LVMH NV18,MCNV
LYSOGENE,LYS
M.R.M,MRM
M2I,ALMII
MADE,MLMAD
MADVERTISE,ALMNG
MAGILLEM,MLMGL
MAINSTAY MEDICAL,MSTY
MAIS.ANTOINE BAUD,MLMAB
MAISON CLIO BLUE,MLCLI
MAISONS D''AUJOURD,MLMAI
MAISONS DU MONDE,MDM
MAISONS FRANCE,MFC
MAKHEIA GROUP,ALMAK
MALTERIES FCO-BEL.,MALT
MANDALORE HOLDING,MLMHO
MANITOU BF,MTU
MANUTAN INTL,MAN
MARATHON OIL CORP,MROIL
MAROC TELECOM,IAM
MARTIFER,MAR
MASTRAD,ALMAS
MAUNA KEA TECH,MKEA
MAUREL ET PROM,MAU
MBWS,MBWS
MBWS BSA 2004,MBWBS
MBWS BSA 2006,MBWBR
MBWS BSA ACT2,MBWBW
MBWS BSAR 2023,MBWSZ
MCPHY ENERGY,MCPHY
MDXHEALTH,MDXH
MECELEC BSA DEC19,MCBS2
MECELEC COMPOSITES,ALMEC
MEDASYS,MED
MEDIA 6,EDI
MEDIA CAPITAL,MCP
MEDIA LAB,MLLAB
MEDIANTECHNOLOGIES,ALMDT
MEDIAWAN,MDW
MEDIAWAN WAR,MDWBS
MEDICREA INTERNAT.,ALMED
MEDIOCREDITO EUROP,MLMCE
MEDIVISION,MEDV
MELEXIS,MELE
MEMSCAP REGPT,MEMS
MERCIALYS,MERY
MERCK AND CO INC,MRK
MERSEN,MRN
MERSEN NV18,MRNNV
METABOLIC EXPLORER,METEX
METALLIANCE,MLETA
METHANOR,ALMET
METHORIOS CAPITAL,ALMTH
METRICS IN BALANCE,MLMIB
METROPOLE TV,MMT
MG INTERNATIONAL,ALMGI
MGI COUTIER,MGIC
MGI DIGITAL GRAPHI,ALMDG
MICHELIN,ML
MICHELIN NV18,MLNV
MICROBSAR15DEC18,MUNBR
MICROPOLE,MUN
MICROSKIN,MLSKN
MICROSOFT CORP SPL,MSF
MICROWAVE VISION,ALMIC
MIGUET ET ASSOCIES,MLNMA
MIKO,MIKO
MILIBOO,ALMLB
MILLET INNOVATION,ALINN
MITHRA,MITRA
MKB Nedsense,NEDSE
MND,MND
MNR GROUP,MLMNR
MONCEY (FIN.) NOM.,MONC
MONEY EXPRESS,MLMEX
MONFINANCIER,MLMON
MONTEA C.V.A.,MONT
MOPOLI,MOP
MOPOLI FOND,MOPF
MOTA ENGIL,EGL
MOULINVEST,ALMOU
MOURY CONSTRUCT,MOUR
MP6,MLMP6
MR BRICOLAGE,MRB
MTD FINANCE,MLMTD
MULANN,MLMUL
MULTIMICROCLOUD,MLMMC
MUNCHENER RUCKVERS,MEURV
MUSEE GREVIN,GREV
MUTUALIZE CORP,MLMUT
NANOBIOTIX,NANO
NATIXIS,KN
NATUREX,NRX
NB PRIV EQ PARTN,NBPE
NEDAP,NEDAP
NEOCOM MULTIMEDIA,MLNEO
NEOLIFE,ALNLF
NEOLIFE BS,NLFBS
NEOPOST,NEO
NEOVACS,ALNEV
NEOVACS BSA,NEVBS
NEOVACS BSA2,NEVB2
NEPI ROCKCASTLE,NRP
NETGEM,NTG
NEUFCOUR-FIN.,NEU
NEURONES,NRO
NEW SOURCES ENERGY,NSE
NEWAYS ELECTRONICS,NEWAY
NEWSINVEST,MLNEI
NEWTREE,NEWT
NEXANS,NEX
NEXANS NV18,NEXNV
NEXITY,NXI
NEXPONOR-SICAFI,ALNOR
NEXTEDIA,ALNXT
NEXTSTAGE,NEXTS
NIBC HOLDING,NIBC
NICOX,COX
NN GROUP,NN
NOKIA,NOKIA
"NOS, SGPS",NOS
"NOVABASE,SGPS",NBA
NOVACYT,ALNOV
NOVADAY,MLLED
NOVAE AEROSPACE,MLNOT
NOVATECH IND.,MLNOV
NOVISOURCE,NOVI
NOXXON,ALNOX
NR21,NR21
NRJ GROUP,NRG
NSC GROUPE,ALNSC
NSE,ALNSE
NSI N.V.,NSI
NWE NED AM HYP BK,
NYRSTAR,NYR
O SORBET D'AMOUR,MLOSA
O2I,ALODI
O2I BSA,O2IBS
O2I BSAAR 2019,ODIBS
OBER,ALOBR
OCCIDENTAL PETROL.,OCPET
OCEASOFT,ALOCA
OCI,OCI
OCTOPUS ROBOTS,MLOCT
OENEO,SBT
OFFICIIS PROPERTIE,OFP
OIM,OIM
OL GROUPE,OLG
OLI SISTEMAS,OIR
OLMIX,MLOLM
ONCODESIGN,ALONC
ONE EXPERIENCE,MLOEX
ONLINEFORMAPRO,MLONL
ONTEX GROUP,ONTEX
ONXEO,ONXEO
OPTION,OPTI
ORANGE,ORA
ORANGE BELGIUM,OBEL
ORANJEWOUD A,ORANW
ORAPI,ORAP
ORCHESTRA-PREMAMAN,KAZI
ORCLASS.COM,MLORC
ORCO BSAR 2019,ORCBR
ORCOBSAAR1219,ORCOW
ORDINA,ORDI
OREGE,OREGE
OREY ANTUNES ESC.,ORE
ORPEA,ORP
OSE IMMUNO,OSE
OSMOZIS,ALOSM
P.G.O. AUTOMOBILES,MLPGO
PACTE NOVATION,MLPAC
PARAGON ID,PID
PAREF,PAR
PARFEX,MLPFX
PARROT,PARRO
PART.INDLES MINI.,MLHOP
PASSAT,PSAT
PATRIMOINE ET COMM,PAT
PATRIS,ALPTR
PAYTON PLANAR,PAY
PCAS,PCA
PCB,PCBB
PEPSICO,PEP
PERNOD RICARD,RI
PERRIER (GERARD),PERR
PERSHING,PSH
PETRO IVOIRE,MLPIV
PEUGEOT,UG
PHARCO,PHAR
PHARMAGEST INTER.,PHA
PHARMASIMPLE,ALPHS
PHARMING GROUP,PHARM
PHARNEXT,ALPHA
PHAROL,PHR
PHILIPS BUY BACK,INPHI
PHILIPS KON,PHIA
PHILIPS LIGHTING,LIGHT
PHONE WEB,MLPHW
PHOTONIKE CAPITAL,MLPHO
PICANOL,PIC
PIERRE VACANCES,VAC
PISCINES DESJOYAUX,ALPDX
PIXIUM VISION,PIX
PIXIUM VISION DS,PIXDS
PLACOPLATRE,MLPLC
PLANET.FR,ALPLA
PLANT ADVANCED,ALPAT
PLANT ADVANCED BS,PATBS
PLAST.VAL LOIRE,PVL
PLASTIC OMNIUM,POM
PNS,PNSB
POINT PARFUMS,MLPPF
POL-ROGER CHAMPAGN,MLPOL
PORCELEYNE FLES,PORF
POSTNL,PNL
POUJOULAT,ALPJT
POULAILLON,ALPOU
POXEL,POXEL
POXEL NV18,POXNV
PPLA CLASS A,PPLAA
PPLA CLASS B,PPLAB
PPLA European Unit,PPLA
PRECIA,PREC
PRIMECITY,ALPCI
PRISMAFLEX INTL,ALPRI
PROBIODRUG,PBD
PROCTER GAMBLE,PGP
PRODWARE,ALPRO
PRODWAYS,PWG
PROLOG BSAAR20,PRBS1
PROLOGUE,PROL
PROLOGUE BSAA,PROBS
PROLOGUE BSAA2021,PRBS2
PROP.IMMEUBLES,MLPRI
PROTEKTUS AG,MLPRO
PROXIMUS,PROX
PSB INDUSTRIES,PSB
PUBLICIS BSA,PUBBS
PUBLICIS GROUPE SA,PUB
QRF,QRF
QUADPACK,MLQP
QUANGENBS15SEP2018,QGCBS
QUANTEL,QUA
QUANTGENBSA27JAN20,QGCBT
QUANTUM GENOMICS,ALQGC
QUESTFOR GR-PRICAF,QFG
QUOTIUM TECHNO,QTE
QWAMPLIFY,ALQWA
RALLYE,RAL
RAMSAY GEN SANTE,GDS
RANDSTAD NV,RAND
RAPHAEL MICHEL S A,MLRAM
RAPIDO PRET,ML350
REALCO,REAL
REALDOLMEN,REA
REALITES,ALREA
RECTICEL,REC
RECYLEX S.A.,RX
"REDITUS,SGPS",RED
REFRESCO GROUP,RFRG
REIBEL,REI
REINET INVESTMENTS,REINA
RELX,REN
REMY COINTREAU,RCO
REN,RENE
RENAULT,RNO
RESILUX,RES
RETAIL EST(SUB)C25,RET25
RETAIL ESTATES,RET
REWORLD MEDIA,ALREW
REXEL,RXL
RIBER,RIB
ROBERTET,RBT
ROBERTET CDV 87,CBR
ROBERTET CI,CBE
ROCTOOL,ALROC
ROODMICROTEC,ROOD
ROODMICROTECWAR2,WROD2
ROSIER,ENGB
ROTHSCHILD & CO,ROTH
ROUGIER S.A.,ALRGR
ROULARTA,ROU
ROUSSELET CENTRIF.,MLROU
ROYAL DUTCH SHELLA,RDSA
ROYAL DUTCH SHELLB,RDSB
RTL GROUP,RTL
RUBIS,RUI
S.CLUBE BRAGA,SCB
S.E.B.,SK
SABCA,SAB
SABETON,SABE
SAFE ORTHOPAEDICS,SAFOR
SAFRAN,SAF
SAFWOOD,ALWOO
SAG GEST,SVA
SAINT GOBAIN,SGO
SAMSE,SAMS
SANOFI,SAN
SANOFI NV18,SANNV
SAPEC,SAP
SAPMER,ALMER
SARTORIUS STED BIO,DIM
SAVENCIA,SAVE
SAVONNERIE NYONS,MLSDN
SBM OFFSHORE,SBMO
SBT,MLSBT
SCANDINAVIAN HOUSE,MLSHD
SCBSM,CBSM
SCEMI,MLCMI
SCHEERD.V KERCHOVE,SCHD
SCHLUMBERGER,SLB
SCHNEIDER ELECTRIC,SU
SCHNEIDER NV18,SUNV
SCHOBRUNN PARIS,MLSCH
SCOR SE,SCR
SDC INV.,SDCAE
SECHE ENVIRONNEM.,SCHP
SECURINFOR,MLSEC
SELCODIS,SLCO
SELECTIRENTE,SELER
SELECTIRENTE NV18,SELNV
SEMAPA,SEM
SEMPLICEMENTE SpA,MLSMP
SENSORION,ALSEN
SEQUA PETROLEUM NV,MLSEQ
SEQUANA,SEQ
SERGEFERRARI GROUP,SEFER
SERMA GROUP,ALSER
SES,SESG
SES IMAGOTAG,SESL
SETTLEMENTS,STTL
SHOWROOMPRIVE,SRP
SI PARTICIPATIONS,ALSIP
SIDETRADE,ALBFR
SIEMENS,SIA
SIF HOLDING,SIFG
SIGNAUX GIROD,GIRO
SII,SII
SILC,MLSIL
SILKAN RT,MLARI
SIMAT,MLMAT
SIMO INTERNATIONAL,MLSIM
SINTESI SpA,MLSNT
SIOEN,SIOE
SIPEF,SIP
SKILL GAMING INC,MLSKL
SLIGRO FOOD GROUP,SLIGR
SMALTO,MLSML
SMALTO BSA,SMLBS
SMARTPHOTO GROUP,SMAR
SMCP,SMCP
SMTPC,SMTPC
SNOWWORLD,SNOW
SOC FRANC CASINOS,SFCA
SOCIETE GENERALE,GLE
SODEXO,SW
SODIFRANCE,SOA
SODITECH,SEC
SOFIBUS PATRIMOINE,SFBS
SOFINA,SOF
SOFRAGI,SOFR
SOFT COMPUTING,SFT
SOFTIMAT,SOFT
SOGECLAIR,SOG
SOITEC,SOI
SOLIA,MLSOL
SOLOCAL GROUP,LOCAL
SOLUTIONS 30 SE,ALS30
SOLVAC NOM(RETAIL),SOLV
SOLVAY,SOLB
SOMFY SA,SO
SONAE,SON
SONAE CAPITAL,SONC
SONAE IND.SGPS,SONI
"SONAECOM,SGPS",SNC
SONAGI,SNG
SOPRA STERIA GROUP,SOP
SPADEL,SPA
SPEED RABBIT PIZZA,MLSRP
SPIE,SPIE
SPINEGUARD,ALSGD
SPINEWAY,ALSPW
SPIR COMMUNICATION,SPI
SPORTING,SCP
SQLI,SQI
SQLI BSAR042018,SQIBS
ST DUPONT,DPT
ST GOBAIN NV18,SGONV
ST.GUDULE-PL. CERT,SAIG
STALLERGENES GREER,STAGR
STEAM FRANCE,MLSTM
STEF,STF
STELAX INDUSTRIES,LAX
STENTYS,STNT
STERN GROEP,STRN
STMICROELECTRONICS,STM
STRADIM ESPAC.FIN,ALSAS
STREAMWIDE,ALSTW
STREAMWIDE BS,STWDS
STREIT MECANIQUE,MLSTR
SUCRAF A & B,SUCR
SUEZ,SEV
SUEZ ENV NV18,SEVNV
SUMO RESOURCES PLC,MLSUM
SUMOL+COMPAL,SUCO
SUPERSONIC IMAGINE,SSI
SWORD GROUP,SWP
SYNERGIE,SDG
TAKEAWAY,TKWY
TARKETT,TKTT
TAYNINH,TAYN
TEAM,MLTEA
TEAM KALORIK,TEAM
TECHNICOLOR,TCH
TECHNIPFMC,FTI
TECHNOFIRST,ALFST
TEIXEIRA DUARTE,TDSA
TELECOM DESIGN,MLTED
TELECOM ITALIA SPA,TIT
TELEFONICA,TFA
TELENET GROUP,TNET
TELEPERFORMANCE,RCF
TELEVERBIER,TVRB
TELEVISTA,MLVST
TER BEKE,TERB
TERREIS,TER
TESSENDERLO,TESB
TESSI,TES
TETRAGON FIN GRP,TFG
TEXAF,TEXF
TF1,TFI
TF1 NV18,TFINV
TFF GROUP,TFF
THALES,HO
THALES NV18,HONV
THANNBERGER ET CIE,MLTHA
THE NAVIGATOR COMP,NVG
THERACLION,ALTHE
THERADIAG,ALTER
THERADIAG BSAR,ALTBS
THERANEXUS,ALTHX
THERMADOR GROUPE,THEP
THERMES DE SAUJON,MLTDS
THROMBOGENICS,THR
THUNDERBIRD,TBIRD
TIE KINETIX,TIE
TIGENIX,TIG
TIKEHAU CAPITAL,TKO
TINC,TINC
TIPIAK,TIPI
TISCALI,TISN
TIVOLY,TVLY
TKH GROUP,TWEKA
TOMTOM,TOM2
TONNA ELECTRONIQUE,TONN
TOOLUX SANDING,ALTLX
TOQUEBLANCHEMONDE,MLTBM
TOTAL,FP
TOTAL GABON,EC
TOTAL NV18,FPNV
TOUAX,TOUP
TOUPARGEL GROUPE,TOU
TOUR EIFFEL,EIFF
TOUTABO,MLABO
TOYOTA CAETANO,SCT
TPSH,MLPSH
TRAMWAYS DE ROUEN,MLTRA
TRANSGENE,TNG
TRANSINSULAR,TRAAP
TRAQUEUR,ALTRA
TREASURE MINE,MLTMT
TRIGANO,TRI
TRILOGIQ,ALTRI
TROC ILE,MLTRO
TROIS CHENES,MLTRC
TRONICS,ALTRO
TTI,ALTTI
TUBIZE-FIN,TUB
TXCELL,TXCL
TXCOM,ALTXC
U&I LEARNING,UNI
U10,UDIS
UBISOFT ENTERTAIN,UBI
UCAR,ALUCR
UCB,UCB
UMALIS GROUP,MLUMG
UMANIS,ALUMS
UMICORE,UMI
UN TOIT POUR TOI,MLUTP
UNI.METALG.HT-SEI.,MLUMH
UNIBAIL-RODAMCO,UL
UNIBEL,UNBL
UNILEVER DR,UNA
UNILEVER OS,UNIA
UNION FIN.FRANCE,UFF
UNION PAC CORP,UNPA
UNION TECH.INFOR.,FPG
UNITI,MLUNT
USG,MLUSG
UV GERMI,ALUVI
V LANSCHOT KEMPEN,VLK
VAA VISTA ALEGRE,VAF
VALBIOTIS,ALVAL
VALE,VALE3
VALE PREF,VALE5
VALEO,FR
VALLOUREC,VK
VALNEVA,VLA
VALNEVA PREF,VLAP
VALONEO,MLVAL
VALUE8,VALUE
VALUE8 CUM PREF,PREVA
VAN DE VELDE,VAN
VASTNED,VASTN
VASTNED RETAIL BEL,VASTB
VDI GROUP,ALVDI
VELCAN,ALVEL
VENTE UNIQUE.COM,ALVU
VEOLIA ENVIRON.,VIE
VEON,VEON
VERGNET,ALVER
VERIZON COMM.,VERIZ
VERNEUIL FINANCE,VRNL
VERNEY CARRON,MLVER
VESTASIA LIMITED,MLVES
VETOQUINOL,VETO
VEXIM,ALVXM
VGP,VGP
VIALIFE,ALVIA
VICAT,VCT
VIDELIO,VDLO
VIEL ET COMPAGNIE,VIL
VIKTORIA INVEST,VI
VILMORIN & CIE,RIN
VINCI,DG
VINCI NV18,DGNV
VIOHALCO,VIO
VIRBAC,VIRP
VISIATIV,ALVIV
VISIO NERF,MLVIS
VISIODENT,SDT
VISIOMED BSA2018-1,VMGBS
VISIOMED GROUP,ALVMG
VISIOMEDBSA26OCT23,VMGBT
VIVENDI,VIV
VIVENDI NV18,VIVNV
VOLKERWESSELS,KVW
VOLKSWAGEN,VWA
VOLKSWAGEN PREF,VWAP
VOLTA FINANCE,VTA
VOLTALIA,VLTSA
VOPAK,VPK
VOPIUM,MLVOP
VOYAGEURS DU MONDE,ALVDM
VRANKEN-POMMERY,VRAP
WALLIX,ALLIX
WAREHOUSES,WEB
WAVESTONE,WAVE
WDP,WDP
WE.CONNECT,ALWEC
WEACCESS GROUP,MLWEA
WEBORAMA,ALWEB
WEDIA,ALWED
wee.com AG,MLWEE
WENDEL,MF
WERELDHAVE,WHA
WERELDHAVE BELGIUM,WEHB
WESSANEN,WES
WEYA,MLWEY
WITBE,ALWIT
WOL. EXTENS. CERT,WOLE
WOL. SHOPPING CERT,WOLS
WOLTERS KLUWER,WKL
WORLDLINE,WLN
WT,MLWTT
X-FAB,XFAB
XILAM ANIMATION,XIL
XIOR,XIOR
XPO LOGISTICS,XPO
YANGDEN HOLDING,MLYSH
YATRA,YATRA
YMAGIS,MAGIS
ZCCM,MLZAM
ZCI LIMITED,CV
ZENITEL,ZENT
ZENOBE GRAMME CERT,ZEN
